users_home_count,population
7,261
7,52
1,68
1,5
2,3
40,434
33,9
268,1481
4,161
3,11
1,21
1,148
2,58
379,2603
621,1777
1126,2214
7,262
5,3
185,2615
1722,6876
287,608
2,26
713,2947
94,470
4,5
150,2101
544,3393
1,85
3,18
203,416
13,21
7,12
13,192
1,15
28,54
314,2161
58,819
1,20
5,121
1,13
853,2807
2,49
2,22
392,2924
825,3158
44,460
372,3459
176,1304
104,290
1,9
273,681
3,210
3,16
61,28
60,625
209,245
227,724
2,113
209,585
2,124
5,56
99,657
56,855
884,2403
14,663
39,539
763,964
486,504
735,2911
3,78
2,4
885,5166
1,7
41,847
6,12
225,752
1,5
112,581
6,7
31,346
85,1038
2079,9981
40,214
362,2307
1,8
500,2935
1241,4298
1,34
172,1275
1,9
405,2740
139,723
1,13
282,1463
114,600
175,227
448,2269
278,1428
383,397
22,325
1,2
1,11
31,589
3,46
11,15
46,505
183,1165
142,1243
2,10
19,269
460,586
22,2
4,6
1,19
10,129
3,5
1,18
266,822
3,544
85,1081
2,19
1,15
2,23
125,767
443,1712
5,36
12,18
1,85
136,323
2,45
2,13
408,1333
5,24
219,746
769,3852
6,20
324,1544
340,861
3,4
1,10
207,189
748,5749
4,19
3,14
9,63
3,55
2,63
1,15
191,516
431,947
4,282
4,1
6,112
3,99
108,1241
179,473
1,79
1406,6125
27,202
439,2689
165,488
2035,13768
675,714
1162,7961
117,1352
97,31
48,294
634,946
101,409
190,613
1,121
116,4
14,15
1,29
117,94
1,14
1,348
14,25
34,5
1390,4659
11,45
36,315
16,81
11,305
8,12
14,443
750,3432
96,4
6,76
1372,3941
29,166
76,99
1,347
2,17
106,781
1,48
3,352
475,2635
38,49
259,373
8,98
1,5
1,6
187,1204
99,48
7,19
102,183
1053,1832
147,195
2,6
27,48
2010,6683
4,25
45,79
422,1016
178,1895
20,2
24,38
43,414
1,84
1,48
2,30
100,72
2,289
1097,1105
30,68
15,9
570,4447
1,11
266,1423
35,238
59,21
3,5
1,12
11,373
8,702
1,60
826,1807
9,44
8,35
32,401
281,677
21,63
30,3
19,96
966,1503
263,2486
2,221
206,2335
173,1294
4,49
1,10
99,61
1,10
10,51
1,3
1,45
54,17
4,32
97,541
1,29
159,955
467,1120
590,3730
68,1922
1279,8539
4,18
3,119
3,3
2,83
13,1
84,234
107,252
3,68
1,34
1,14
2,2
1,60
3,40
262,3248
6,145
79,12
4,68
68,740
54,30
9,487
1137,2660
53,37
186,748
10,4
1,25
28,245
11,48
264,1538
590,2048
438,1139
579,1783
1,3
2,36
46,185
4,122
232,689
1,42
660,2530
13,104
9,477
6,222
1100,3169
19,4
1,18
23,40
24,69
46,556
556,2464
1,42
1,153
449,2176
3,2
46,1009
1808,6485
1,31
337,893
102,362
6,458
44,140
212,803
205,542
374,1291
4,13
207,422
3,76
7,84
13,30
21,327
1201,5258
158,943
35,44
30,29
23,51
579,3830
262,1565
3,13
549,4150
713,2551
212,1598
2,19
178,1650
408,2349
773,3934
2,15
491,1337
2,333
63,508
94,263
38,618
475,2311
245,1399
1,14
5,174
4,119
955,1488
72,309
3,31
7,28
5,23
330,1313
518,2322
2,215
471,969
284,1097
52,573
88,453
1,15
7,90
1,5
4,25
3,9
230,503
2,33
3,189
3,125
2,19
1251,8481
2,2
46,362
4,7
652,995
12,12
43,823
835,6724
22,48
5,82
16,16
6,9
523,3010
280,1534
2,4
2,22
1,18
1456,8830
613,4152
3,3
28,322
5,16
90,260
2,82
196,51
703,1930
851,2555
7,12
486,954
17,1035
2,233
1,367
330,1077
11,649
5,91
441,2957
1,40
11,381
147,200
3,111
18,457
4,124
11,228
1,11
124,157
583,5576
43,20
339,1147
1,9
1001,8817
1422,1787
90,47
174,991
1,45
12,7
291,1718
980,7034
24,592
1,52
1,173
16,6
21,510
218,779
138,922
1,95
475,2421
6,11
2,8
195,1676
8,345
4,11
160,1411
549,2652
32,717
2,30
2,3
3,19
3208,2406
54,1039
26,51
211,1412
354,1159
466,4120
5,21
2,10
1,2
1,15
133,2208
3,10
3,59
76,1140
149,35
11,23
1,19
70,1152
7,83
1,2
1211,8505
74,335
51,140
61,125
1,2
66,144
16,7
556,724
1277,4196
7,43
3,110
77,1014
1,31
3,1
109,343
5,24
2311,7777
24,487
123,165
48,1223
133,526
5,2
518,1443
5,205
1094,2758
413,2975
1,94
115,1136
2,118
116,63
83,164
57,62
2,2
76,754
1,41
2,21
197,781
50,574
283,687
90,311
247,1120
2,62
1,17
2,21
7,60
8,27
211,1079
2,9
15,40
71,1185
1,2
98,19
1,27
1,47
3,16
916,6958
11,298
1217,3437
1,28
14,183
3,8
234,228
6,39
31,135
3,67
269,1508
2,4
48,38
195,742
80,541
1115,3221
3,22
89,424
64,214
40,590
1,39
197,999
58,281
2,14
3,72
362,1068
551,2046
317,1848
33,20
1,14
5,2
292,2256
264,1793
266,797
1,5
527,1984
308,204
2,5
142,451
910,3118
1,146
132,1850
69,526
1626,7391
1,5
4,136
1,15
72,88
1,32
27,40
290,1661
1,31
13,70
34,93
258,1486
12,5
1,11
245,1931
264,1221
2,12
2,514
1,2
9,41
461,1390
1,22
16,68
259,840
956,2186
76,105
140,1040
412,573
2,20
14,42
154,102
284,2595
1,12
11,85
85,249
4,186
1,29
1,57
288,1656
1,174
3,169
1,44
52,285
30,12
1299,3319
1,161
1133,3881
253,346
69,76
1,25
719,1248
42,75
2052,8270
1,29
234,1441
3,45
2,61
398,1143
1,12
2,6
2,41
363,782
31,39
2,69
35,63
7,14
1,4
7,133
30,121
34,5
25,387
1,14
1,6
1,14
23,39
237,200
1,2
1,2
203,516
16,33
1,7
648,2918
337,1104
1,22
350,2764
412,916
2,12
2,2
188,899
5,34
1,3
1246,4447
1,68
13,20
17,9
266,924
7,115
1,5
3,2
8,219
2,237
1,20
4,327
727,876
1,16
3,75
615,1849
87,534
855,3018
511,3530
1,10
64,178
4,4
7,43
3,20
1,4
72,821
63,2
632,1836
19,103
11,3
1,24
219,2304
39,95
126,194
2,60
1,2
28,551
383,1629
315,2025
392,2845
672,3004
975,2309
1,67
1,11
3,175
1333,6352
96,823
111,467
2,26
722,291
5,80
52,1277
8,352
575,1679
68,1040
122,182
1,2
311,803
1,168
263,696
3,65
1469,2206
309,1859
1563,5677
49,37
723,1913
13,338
287,1203
632,2711
148,1483
76,860
699,1677
8,9
134,968
42,204
4,43
1,28
100,1389
1,49
4,4
7,1
158,933
2,67
96,174
200,2263
2,3
144,4025
683,1943
931,3360
15,93
3,16
3554,19704
1,21
1,14
8,145
40,712
1,6
122,350
4,20
44,504
1,64
3,170
114,76
145,642
9,20
1,4
3,283
606,1726
4,60
334,1933
836,1879
1,3
133,1877
6,52
37,9
214,2382
3,206
242,806
905,3268
1,45
136,879
183,2723
113,854
51,2
2,17
9,22
1,49
462,3613
1,3
324,3731
1,5
841,2959
2,14
1,30
424,1672
2,30
305,862
1,109
8,195
55,426
4,11
150,686
432,595
1,327
720,1623
15,16
528,806
4,94
1,15
4,169
1,80
1,4
1,25
4,168
2,28
342,1257
503,918
2,323
1138,2796
2,395
55,96
14,13
6,188
105,509
670,3477
2,8
424,2045
174,947
1,52
5,47
384,537
946,2894
1,11
2,63
511,970
2,4
509,1184
1,15
8,29
3,19
10,385
21,110
190,1204
23,349
905,3658
1,2
6,33
269,769
2,32
71,905
1,68
5,90
1,20
2,13
2,25
1184,4469
61,501
77,274
47,26
495,1741
1,13
1,30
4,5
1,5
52,9
12,329
318,2187
2,2
1,16
3,166
252,1229
24,396
6,224
964,2560
5,563
150,659
685,2646
2,3
8,26
198,2580
651,2050
1,7
1053,6228
1,3
1710,5781
112,503
131,423
4,60
33,184
4,132
1,2
5,16
2,17
1,4
73,511
1169,5526
773,2846
1,8
784,1800
185,196
906,1963
614,4358
5,236
1676,8962
985,6359
1,2
2279,10620
2,47
1614,7403
22,101
1,30
52,764
2,4
839,2756
626,1608
85,686
303,572
9,15
12,137
5,69
16,63
318,1630
480,3237
11,24
130,583
855,2168
1,1
455,1142
2,14
4,5
38,4
5,70
1,3
3,52
778,1026
581,736
17,157
1,159
1042,2839
38,1
120,2846
166,626
3,130
82,8
1277,3758
600,933
154,582
1,131
40,162
17,521
1,205
8,65
49,45
276,2002
1,12
140,149
7,52
723,2511
28,467
9,61
7,482
10,10
587,6526
16,163
1,3
411,3416
1,48
11,42
7,158
1,72
565,3949
161,2560
3,358
18,615
1,201
1,49
990,5447
1,15
2,54
719,6436
360,1165
1,3
3,31
86,808
78,150
101,260
403,953
2,13
612,893
527,1409
1,5
142,602
796,1789
1393,7074
639,3377
5,54
1065,4825
1852,10256
561,1462
362,1038
4,3
3,17
18,131
88,423
499,1687
220,1163
3,23
195,667
15,46
441,1738
2004,5544
353,1746
65,59
2,2
2,10
2,125
112,602
169,1825
2,115
4,74
119,142
745,4277
81,153
1,4
40,505
232,1118
983,2897
24,19
99,1346
129,1428
11,25
19,65
64,199
167,1188
1,15
1873,10997
157,30
3,12
1,16
1,6
12,147
1,7
848,5579
200,155
19,58
1,126
139,410
3,472
151,745
453,3837
328,1022
115,1163
348,251
12,27
9,209
13,177
15,59
39,5
106,378
2,71
3,244
15,191
723,4198
2,100
6,18
516,3953
1001,5052
1,15
58,797
2,9
1,78
1,2
1,93
1,17
12,14
22,75
5,150
1,10
3632,11949
26,13
287,1056
280,925
1157,8420
333,886
237,1998
213,288
176,1854
34,349
44,185
162,449
118,310
1,16
404,1071
185,1645
12,10
1156,1791
42,97
470,1351
588,778
5,628
193,1244
982,2322
2,14
1,15
4,15
25,43
33,17
1306,9258
1,52
13,15
4,43
2,59
571,2861
2,2
400,1299
12,47
5,387
313,1722
1,61
946,4508
1,53
220,855
1,36
158,335
1,6
1,2
1,3
3,21
1,6
569,4327
1,3
370,2155
2,4
108,282
8,8
1937,8506
48,182
60,327
244,373
4,19
1,68
95,384
647,2203
222,1166
17,111
227,364
34,300
288,1106
195,1528
52,1162
247,1067
53,81
274,1602
4,1
21,105
2,47
43,277
8,3
602,3736
134,1114
58,197
695,2782
8,2
161,901
225,1294
3,4
1615,5803
177,68
45,130
4693,16016
391,2542
8,69
2,65
355,1634
1,9
96,45
2,2
6,47
99,556
616,947
1,23
7,27
4,31
14,342
151,153
260,427
725,5281
108,8
29,276
64,362
393,785
1,82
2,4
524,702
32,413
8,52
145,950
200,328
67,1967
5,27
202,389
559,996
7,105
1,76
278,1256
646,2211
224,606
6,1344
47,143
3,12
5,103
6,19
884,1935
17,52
530,3068
291,1429
3,45
2,262
92,764
7,64
1,54
41,358
1,7
23,183
1128,4217
58,385
987,4591
15,916
949,2728
56,20
192,2325
3,2
11,11
7,12
23,568
437,1260
22,68
361,926
84,650
707,1293
52,472
278,682
3,15
210,353
438,5481
558,571
114,742
1,55
56,14
137,1864
5,63
4,76
55,125
119,108
344,839
1,1
155,627
2,17
19,63
16,13
5,175
839,2934
11,589
65,295
57,74
425,2532
3,5
417,2899
772,4429
113,158
2,10
1371,4973
6,69
387,3513
3,3
797,3817
177,1019
4,112
1,50
267,1080
1,8
5,31
2,85
2,30
170,1524
862,4775
204,1338
8,12
1,14
16,16
10,414
86,486
87,441
6,102
8,8
1037,7322
9,317
1,11
1,20
720,2411
60,582
38,113
8,193
75,1145
4,183
1,5
76,87
12,4
863,4628
280,556
1484,5880
248,336
67,136
14,28
10,41
438,593
1,22
71,11
347,1122
1,5
1,6
1,34
197,1614
11,20
1,1
5,80
8,6
192,1674
91,1583
811,2768
1097,2564
2,2
274,2594
102,48
25,705
2,102
98,77
3,14
1,15
186,1672
97,249
2,345
1,5
2,30
202,670
19,1
1,18
64,326
605,4400
2,19
2,52
1,119
3,64
336,2297
7,162
2,21
692,3340
9,18
5,22
188,1171
206,584
30,382
1,47
88,738
2,4
296,975
1,16
509,1317
10,7
2,37
1189,6590
653,682
71,122
481,1389
35,472
4,1
1,89
1,20
8,32
28,117
7,8
260,2616
246,4364
538,3489
20,176
1141,3487
12,87
214,2017
208,880
632,1316
250,596
4,35
1,5
122,123
40,131
36,11
14,132
197,311
319,1887
16,196
30,51
231,1342
2,76
4,56
576,2947
94,410
683,2068
7,5
416,663
1,10
1,4
4,13
95,690
1,39
9,9
150,331
39,18
1,34
235,623
3,3
2,22
919,2157
108,633
298,1360
228,2156
948,3404
1,64
1043,4925
1,23
28,24
1,5
3,17
435,2007
495,2819
1,6
133,379
676,6004
4,4
2,48
265,449
1,122
208,1052
3,40
994,4894
764,1229
5,267
409,1987
1,3
117,429
16,56
90,1430
21,164
1,45
7,522
39,344
200,1177
331,319
397,2145
6,130
651,5047
16,195
46,25
4,359
42,690
23,251
11,103
149,1399
2,6
19,754
1,48
240,1345
218,1018
391,1683
3,15
58,1852
48,32
3,32
5,211
1,18
10,3
18,107
1,25
9,20
8,126
2,9
1,129
3,112
426,2363
18,31
81,524
4,92
163,710
50,323
72,1753
119,737
5,293
10,314
2,40
2,15
30,340
285,1804
68,610
20,83
165,254
1,29
417,1681
21,90
1276,2740
1,7
10,88
2,80
185,1194
167,535
79,464
17,92
747,3018
1,166
159,545
11,21
1,1
33,238
40,124
71,322
579,4265
1,90
1,273
1,43
3,4
1,74
1,46
481,3355
1,2
9,22
906,3832
104,768
2,63
547,2052
503,1462
328,747
3,1
66,499
154,787
9,33
21,69
80,26
8,191
1,50
4,1
9,268
378,826
1115,1868
2,207
62,189
707,2822
1,113
5,88
55,18
46,387
150,1055
34,225
283,819
57,69
400,1125
107,214
247,1664
131,186
688,3056
16,57
218,2150
1,32
2,25
241,560
1,20
10,317
63,1064
6,74
999,3787
282,950
554,911
1,13
20,9
12,34
356,4906
3,11
61,104
4,5
97,532
128,536
3,47
5,192
103,64
181,1941
8,240
46,85
79,173
62,355
716,1844
1,19
3,30
117,1121
346,2525
426,1520
64,199
36,426
11,78
106,766
715,4506
160,347
12,524
493,2036
1098,6197
1,12
7,301
23,4
89,364
48,46
1109,4308
72,1414
12,132
14,51
6,633
5,46
3,60
37,665
1,15
10,32
114,514
99,279
3,13
5,100
1218,8821
168,1549
5,82
2,21
5,67
1,3
16,5
396,3265
1,7
2,172
1,3
154,714
4,5
84,684
1265,6540
231,723
2,19
89,449
162,654
11,26
10,21
837,4042
1,6
9,150
1,3
31,19
8,277
42,27
1,114
60,700
598,2622
14,771
2,13
5,39
2,68
3,24
202,577
1,1
4,13
279,1036
235,390
153,1531
2,27
4,22
2,6
39,152
1,23
376,1794
151,592
69,104
37,307
62,576
280,853
4,3
48,37
25,32
1,1
17,7
3,34
997,1238
118,159
5,4
421,2375
1400,4238
37,2
2,82
152,680
7,119
368,2094
6,9
3,31
425,860
45,101
849,2438
402,1397
226,265
210,1078
497,1702
1,58
63,37
765,2770
47,15
245,458
74,178
2,33
1,96
5,24
32,1645
100,287
1,12
1,12
3,8
12,99
2,131
103,499
314,1908
9,17
132,838
1,29
7,82
40,180
1,22
352,1154
85,1298
16,300
164,539
2,262
23,25
52,61
1,120
655,6290
73,2
520,2712
164,2621
2,33
125,1297
5,12
25,407
792,3161
942,6119
1,12
3,23
94,509
74,43
930,4466
1,2
878,3927
5,16
83,131
26,309
234,309
2,24
1,65
1,2
187,1468
1,10
2,1
11,347
2,14
1,35
1049,6301
235,312
330,855
164,1333
451,5349
239,2405
1,22
367,985
1,8
1185,6363
1,52
9,10
4,12
1174,2984
1089,5453
139,556
152,238
196,164
7,681
4,40
65,80
1,2
10,200
6,136
1300,5198
3,24
56,108
16,205
1139,5125
6,47
1,57
4,85
673,4498
34,50
31,15
25,15
4,123
4,2
2,26
106,310
6,71
198,955
2,178
210,939
32,142
405,441
5,1419
1,2
15,225
93,501
109,501
273,820
83,781
11,63
755,1286
4,14
196,1765
3,23
1,65
1081,5629
1458,7334
1,73
71,507
31,57
160,12
88,1115
636,2832
125,865
2,3
606,2584
363,2199
38,50
530,1686
1,9
9,265
148,579
38,544
160,202
974,3671
587,2796
1,4
1,11
274,947
57,8
7,21
19,554
767,912
100,1302
9,98
30,5
1,11
1,8
324,252
86,177
2856,4047
128,1217
51,155
1,10
27,2
17,640
16,25
1,34
1,24
18,1193
5,38
1179,4785
1,197
96,642
2,2
2,105
3,218
1,34
1,14
710,3753
7,16
121,10
508,1287
132,807
204,292
1,22
569,2433
2,10
2,27
9,156
1159,5451
541,1177
63,130
2,90
1520,10853
624,1831
1,3
32,49
2,31
2,16
150,911
1,6
959,2715
5,31
15,111
1697,7996
526,1334
6,27
3,13
15,50
1,74
65,225
1,6
92,995
30,9
1,1
4,224
7,3
47,677
7,57
1,17
162,25
191,777
175,1295
1,27
1,30
15,482
45,563
413,2924
4,38
2,40
1,35
6,479
1,1
57,27
59,49
612,1896
93,344
368,1870
11,291
5,5
1000,2170
3,70
24,72
1,39
526,1808
1,118
3,12
1,2
52,10
126,87
20,9
337,1422
6,27
40,56
16,166
411,2368
1,5
36,144
1108,1931
69,219
1,46
52,423
3,296
1,11
119,76
13,432
150,213
8,25
10,151
76,376
2,38
484,1143
11,21
598,1514
7,49
168,359
1,34
1,6
16,48
1,3
84,259
163,679
33,948
6,6
1,54
1229,3371
263,629
2,48
750,4664
453,4962
2,17
113,917
10,36
368,756
6,73
108,1006
5,138
521,1693
39,34
3,24
1,47
5,14
1,10
2,13
97,604
759,1579
1,107
301,794
404,2189
1,54
213,2488
2,4
1,6
1,16
403,1225
36,116
2,6
3,268
1,2
9,87
49,425
21,562
2,11
159,3804
7,11
334,905
83,145
18,16
177,316
23,14
3,41
11,296
4,43
1,274
2,4
3,7
11,17
51,84
63,552
63,1047
511,2851
366,573
3,2
401,840
601,2189
2,125
1,1
608,1547
10,80
1,86
3,31
63,163
55,698
121,143
26,528
183,529
1,3
5,27
3,31
491,1427
2,13
417,3309
2,8
63,1016
12,816
7,447
1022,3977
1,14
3,18
2,8
26,905
1,31
109,566
1,15
4,148
13,253
361,2710
107,349
3,55
1,26
1,13
6,85
725,3268
1,20
62,108
959,2996
654,3103
6,37
172,658
365,993
1,68
25,50
14,8
27,122
2,12
45,32
72,773
5,6
6,20
72,704
1,5
8,87
679,1507
141,1508
1,4
15,17
42,654
91,1359
78,593
179,691
44,12
53,289
1,8
10,14
4,32
68,306
101,896
509,2431
10,288
41,170
56,324
1,127
1,18
1,6
8,27
5,256
23,249
43,879
47,259
340,1252
1,5
13,14
1,6
14,208
670,8673
6,9
8,24
88,1418
2,5
1,107
213,1062
93,33
3,17
2,1
1,9
4,66
2,12
225,2188
9,92
20,14
64,376
1,14
1095,5349
869,7267
52,555
1,1
855,4665
2097,4077
223,2173
263,3113
43,865
3,9
1,9
1158,5517
2,37
120,250
179,601
4,19
27,31
25,5
2,2
136,847
44,37
28,213
6,108
5,6
176,846
244,2043
26,70
1,12
1965,2375
520,2393
245,494
695,2051
1,60
8,51
13,94
339,649
9,23
1,28
1,15
1,12
575,4592
15,9
195,50
3,86
1,9
1,117
719,1483
616,1090
1,10
10,36
188,593
147,277
9,5
1,18
468,1251
1002,4058
1,81
10,231
1,106
3,8
24,187
4,2
414,1149
1,19
4,207
5,10
3,1
161,864
635,5136
46,314
2,27
7,1
3,16
71,160
218,857
224,901
1,19
1,6
46,326
1000,1509
4,139
16,219
403,2185
5,24
41,468
1,25
652,5205
44,426
57,106
27,878
930,5069
307,761
2,6
65,216
10,64
50,185
170,3211
2,34
138,105
204,688
90,624
765,7161
17,15
1494,6379
2,23
577,894
1,13
155,997
714,2020
327,1685
1455,8568
2,5
305,904
19,445
290,4125
1,116
196,3519
249,2798
959,5582
567,4024
1,48
1,5
237,1679
667,798
1,6
2,11
101,1169
1,17
210,351
3,20
5,14
1,1
445,2784
5,48
4,55
1683,6404
1205,4810
8,2
1,9
6,46
336,172
627,2459
85,262
7,4
634,2363
11,142
2,10
1,2
701,2603
48,24
3,185
104,351
14,5
61,57
111,447
138,50
60,1098
407,1863
26,16
70,444
40,131
211,1581
1,45
40,147
13,276
54,218
1108,4514
113,485
1173,2510
1,6
3,46
200,2313
1082,2686
299,1047
29,2
181,840
55,48
6,322
18,7
3,5
1,9
1,59
369,838
1,4
191,799
9,102
76,56
1,9
6,60
270,2331
1,1
8,274
4,44
92,576
138,114
3,50
2,36
110,916
67,226
560,2860
256,518
1,4
649,4642
421,1452
864,4782
4,6
225,443
1,30
18,85
46,335
1,15
6,6
455,2307
2,28
1,24
242,642
5,62
4,62
255,880
27,55
8,80
561,5048
1,33
1,2
2,34
69,23
721,3031
154,1816
23,1
414,3307
137,1193
761,3646
1,2
2,80
1,295
239,572
378,3606
349,821
1,9
52,4
5,185
731,3075
2,10
629,2887
941,2171
1,12
8,95
135,927
1,3
813,9158
45,257
1,8
18,14
334,807
170,784
3,18
8,34
152,454
1,43
9,77
3,3
318,830
1,10
6,39
3,33
1,63
154,1152
53,66
5,130
2,4
4,119
422,893
706,1410
11,37
1189,5873
9,21
1,14
1563,8280
596,2387
1,122
120,282
22,26
414,845
112,420
287,1663
341,2831
685,779
50,18
892,5145
1,4
2,3
4,10
1,9
677,3463
38,376
129,515
1,4
132,1094
2,356
3,4
2,66
119,24
114,384
1,21
150,1504
12,53
22,28
165,1033
1,31
2,6
18,58
2,125
91,400
25,11
92,538
336,1289
5,19
2,3
7,102
353,1132
4,4
24,973
1,4
735,4351
36,614
792,987
1,16
160,1963
459,1432
